{"tags":[{"slug":"greedy","cnName":"贪心"},{"slug":"array","cnName":"数组"},{"slug":"counting-sort","cnName":"计数排序"},{"slug":"sorting","cnName":"排序"},{"slug":"two-pointers","cnName":"双指针"},{"slug":"hash-table","cnName":"哈希表"},{"slug":"string","cnName":"字符串"},{"slug":"counting","cnName":"计数"},{"slug":"dynamic-programming","cnName":"动态规划"},{"slug":"sliding-window","cnName":"滑动窗口"},{"slug":"memoization","cnName":"记忆化搜索"},{"slug":"math","cnName":"数学"},{"slug":"backtracking","cnName":"回溯"},{"slug":"matrix","cnName":"矩阵"},{"slug":"recursion","cnName":"递归"},{"slug":"binary-search","cnName":"二分查找"},{"slug":"hash-function","cnName":"哈希函数"},{"slug":"rolling-hash","cnName":"滚动哈希"},{"slug":"bit-manipulation","cnName":"位运算"},{"slug":"stack","cnName":"栈"},{"slug":"trie","cnName":"字典树"},{"slug":"union-find","cnName":"并查集"},{"slug":"heap-priority-queue","cnName":"堆（优先队列）"},{"slug":"queue","cnName":"队列"},{"slug":"monotonic-queue","cnName":"单调队列"},{"slug":"divide-and-conquer","cnName":"分治"},{"slug":"breadth-first-search","cnName":"广度优先搜索"},{"slug":"binary-indexed-tree","cnName":"树状数组"},{"slug":"segment-tree","cnName":"线段树"},{"slug":"monotonic-stack","cnName":"单调栈"},{"slug":"string-matching","cnName":"字符串匹配"},{"slug":"bucket-sort","cnName":"桶排序"},{"slug":"quickselect","cnName":"快速选择"},{"slug":"combinatorics","cnName":"组合数学"},{"slug":"simulation","cnName":"模拟"},{"slug":"design","cnName":"设计"},{"slug":"prefix-sum","cnName":"前缀和"},{"slug":"randomized","cnName":"随机化"},{"slug":"enumeration","cnName":"枚举"},{"slug":"number-theory","cnName":"数论"},{"slug":"geometry","cnName":"几何"},{"slug":"tree","cnName":"树"},{"slug":"depth-first-search","cnName":"深度优先搜索"},{"slug":"binary-tree","cnName":"二叉树"},{"slug":"binary-search-tree","cnName":"二叉搜索树"},{"slug":"linked-list","cnName":"链表"},{"slug":"merge-sort","cnName":"归并排序"}],"topics":[{"id":"561","cnName":"数组拆分","functionName":"arrayPairSum","titleSlug":"array-partition","tags":[{"slug":"greedy","cnName":"贪心"},{"slug":"array","cnName":"数组"},{"slug":"counting-sort","cnName":"计数排序"},{"slug":"sorting","cnName":"排序"}],"localFileName":"arrayPairSum.ts","difficulty":"Easy"},{"id":"985","cnName":"令牌放置","functionName":"bagOfTokensScore","titleSlug":"bag-of-tokens","tags":[{"slug":"greedy","cnName":"贪心"},{"slug":"array","cnName":"数组"},{"slug":"two-pointers","cnName":"双指针"},{"slug":"sorting","cnName":"排序"}],"localFileName":"bagOfTokensScore.ts","difficulty":"Medium"},{"id":"134","cnName":"加油站","functionName":"canCompleteCircuit","titleSlug":"gas-station","tags":[{"slug":"greedy","cnName":"贪心"},{"slug":"array","cnName":"数组"}],"localFileName":"canCompleteCircuit.ts","difficulty":"Medium"},{"id":"383","cnName":"赎金信","functionName":"canConstruct","titleSlug":"ransom-note","tags":[{"slug":"hash-table","cnName":"哈希表"},{"slug":"string","cnName":"字符串"},{"slug":"counting","cnName":"计数"}],"localFileName":"canConstruct.ts","difficulty":"Easy"},{"id":"55","cnName":"跳跃游戏","functionName":"canJump","titleSlug":"jump-game","tags":[{"slug":"greedy","cnName":"贪心"},{"slug":"array","cnName":"数组"},{"slug":"dynamic-programming","cnName":"动态规划"}],"localFileName":"canJump.ts","difficulty":"Medium"},{"id":"416","cnName":"分割等和子集","functionName":"canPartition","titleSlug":"partition-equal-subset-sum","tags":[{"slug":"array","cnName":"数组"},{"slug":"dynamic-programming","cnName":"动态规划"}],"localFileName":"canPartition.ts","difficulty":"Medium"},{"id":"605","cnName":"种花问题","functionName":"canPlaceFlowers","titleSlug":"can-place-flowers","tags":[{"slug":"greedy","cnName":"贪心"},{"slug":"array","cnName":"数组"}],"localFileName":"canPlaceFlowers.ts","difficulty":"Easy"},{"id":"135","cnName":"分发糖果","functionName":"candy","titleSlug":"candy","tags":[{"slug":"greedy","cnName":"贪心"},{"slug":"array","cnName":"数组"}],"localFileName":"candy.ts","difficulty":"Hard"},{"id":"567","cnName":"字符串的排列","functionName":"checkInclusion","titleSlug":"permutation-in-string","tags":[{"slug":"hash-table","cnName":"哈希表"},{"slug":"two-pointers","cnName":"双指针"},{"slug":"string","cnName":"字符串"},{"slug":"sliding-window","cnName":"滑动窗口"}],"localFileName":"checkInclusion.ts","difficulty":"Medium"},{"id":"70","cnName":"爬楼梯","functionName":"climbStairs","titleSlug":"climbing-stairs","tags":[{"slug":"memoization","cnName":"记忆化搜索"},{"slug":"math","cnName":"数学"},{"slug":"dynamic-programming","cnName":"动态规划"}],"localFileName":"climbStairs.ts","difficulty":"Easy"},{"id":"39","cnName":"组合总和","functionName":"combinationSum","titleSlug":"combination-sum","tags":[{"slug":"array","cnName":"数组"},{"slug":"backtracking","cnName":"回溯"}],"localFileName":"combinationSum.ts","difficulty":"Medium"},{"id":"40","cnName":"组合总和 II","functionName":"combinationSum2","titleSlug":"combination-sum-ii","tags":[{"slug":"array","cnName":"数组"},{"slug":"backtracking","cnName":"回溯"}],"localFileName":"combinationSum2.ts","difficulty":"Medium"},{"id":"216","cnName":"组合总和 III","functionName":"combinationSum3","titleSlug":"combination-sum-iii","tags":[{"slug":"array","cnName":"数组"},{"slug":"backtracking","cnName":"回溯"}],"localFileName":"combinationSum3.ts","difficulty":"Medium"},{"id":"77","cnName":"组合","functionName":"combine","titleSlug":"combinations","tags":[{"slug":"backtracking","cnName":"回溯"}],"localFileName":"combine.ts","difficulty":"Medium"},{"id":"165","cnName":"比较版本号","functionName":"compareVersion","titleSlug":"compare-version-numbers","tags":[{"slug":"two-pointers","cnName":"双指针"},{"slug":"string","cnName":"字符串"}],"localFileName":"compareVersion.ts","difficulty":"Medium"},{"id":"219","cnName":"存在重复元素 II","functionName":"containsNearbyDuplicate","titleSlug":"contains-duplicate-ii","tags":[{"slug":"array","cnName":"数组"},{"slug":"hash-table","cnName":"哈希表"},{"slug":"sliding-window","cnName":"滑动窗口"}],"localFileName":"containsNearbyDuplicate.ts","difficulty":"Easy"},{"id":"168","cnName":"Excel表列名称","functionName":"convertToTitle","titleSlug":"excel-sheet-column-title","tags":[{"slug":"math","cnName":"数学"},{"slug":"string","cnName":"字符串"}],"localFileName":"convertToTitle.ts","difficulty":"Easy"},{"id":"435","cnName":"无重叠区间","functionName":"eraseOverlapIntervals","titleSlug":"non-overlapping-intervals","tags":[{"slug":"greedy","cnName":"贪心"},{"slug":"array","cnName":"数组"},{"slug":"dynamic-programming","cnName":"动态规划"},{"slug":"sorting","cnName":"排序"}],"localFileName":"eraseOverlapIntervals.ts","difficulty":"Medium"},{"id":"79","cnName":"单词搜索","functionName":"exist","titleSlug":"word-search","tags":[{"slug":"array","cnName":"数组"},{"slug":"backtracking","cnName":"回溯"},{"slug":"matrix","cnName":"矩阵"}],"localFileName":"exist.ts","difficulty":"Medium"},{"id":"1013","cnName":"斐波那契数","functionName":"fib","titleSlug":"fibonacci-number","tags":[{"slug":"recursion","cnName":"递归"},{"slug":"memoization","cnName":"记忆化搜索"},{"slug":"math","cnName":"数学"},{"slug":"dynamic-programming","cnName":"动态规划"}],"localFileName":"fib.ts","difficulty":"Easy"},{"id":"438","cnName":"找到字符串中所有字母异位词","functionName":"findAnagrams","titleSlug":"find-all-anagrams-in-a-string","tags":[{"slug":"hash-table","cnName":"哈希表"},{"slug":"string","cnName":"字符串"},{"slug":"sliding-window","cnName":"滑动窗口"}],"localFileName":"findAnagrams.ts","difficulty":"Medium"},{"id":"455","cnName":"分发饼干","functionName":"findContentChildren","titleSlug":"assign-cookies","tags":[{"slug":"greedy","cnName":"贪心"},{"slug":"array","cnName":"数组"},{"slug":"two-pointers","cnName":"双指针"},{"slug":"sorting","cnName":"排序"}],"localFileName":"findContentChildren.ts","difficulty":"Easy"},{"id":"718","cnName":"最长重复子数组","functionName":"findLength","titleSlug":"maximum-length-of-repeated-subarray","tags":[{"slug":"array","cnName":"数组"},{"slug":"binary-search","cnName":"二分查找"},{"slug":"dynamic-programming","cnName":"动态规划"},{"slug":"sliding-window","cnName":"滑动窗口"},{"slug":"hash-function","cnName":"哈希函数"},{"slug":"rolling-hash","cnName":"滚动哈希"}],"localFileName":"findLength.ts","difficulty":"Medium"},{"id":"674","cnName":"最长连续递增序列","functionName":"findLengthOfLCIS","titleSlug":"longest-continuous-increasing-subsequence","tags":[{"slug":"array","cnName":"数组"}],"localFileName":"findLengthOfLCIS.ts","difficulty":"Easy"},{"id":"452","cnName":"用最少数量的箭引爆气球","functionName":"findMinArrowShots","titleSlug":"minimum-number-of-arrows-to-burst-balloons","tags":[{"slug":"greedy","cnName":"贪心"},{"slug":"array","cnName":"数组"},{"slug":"sorting","cnName":"排序"}],"localFileName":"findMinArrowShots.ts","difficulty":"Medium"},{"id":"491","cnName":"递增子序列","functionName":"findSubsequences","titleSlug":"non-decreasing-subsequences","tags":[{"slug":"bit-manipulation","cnName":"位运算"},{"slug":"array","cnName":"数组"},{"slug":"hash-table","cnName":"哈希表"},{"slug":"backtracking","cnName":"回溯"}],"localFileName":"findSubsequences.ts","difficulty":"Medium"},{"id":"494","cnName":"目标和","functionName":"findTargetSumWays","titleSlug":"target-sum","tags":[{"slug":"array","cnName":"数组"},{"slug":"dynamic-programming","cnName":"动态规划"},{"slug":"backtracking","cnName":"回溯"}],"localFileName":"findTargetSumWays.ts","difficulty":"Medium"},{"id":"18","cnName":"四数之和","functionName":"fourSum","titleSlug":"4sum","tags":[{"slug":"array","cnName":"数组"},{"slug":"two-pointers","cnName":"双指针"},{"slug":"sorting","cnName":"排序"}],"localFileName":"fourSum.ts","difficulty":"Medium"},{"id":"454","cnName":"四数相加 II","functionName":"fourSumCount","titleSlug":"4sum-ii","tags":[{"slug":"array","cnName":"数组"},{"slug":"hash-table","cnName":"哈希表"}],"localFileName":"fourSumCount.ts","difficulty":"Medium"},{"id":"166","cnName":"分数到小数","functionName":"fractionToDecimal","titleSlug":"fraction-to-recurring-decimal","tags":[{"slug":"hash-table","cnName":"哈希表"},{"slug":"math","cnName":"数学"},{"slug":"string","cnName":"字符串"}],"localFileName":"fractionToDecimal.ts","difficulty":"Medium"},{"id":"22","cnName":"括号生成","functionName":"generateParenthesis","titleSlug":"generate-parentheses","tags":[{"slug":"string","cnName":"字符串"},{"slug":"dynamic-programming","cnName":"动态规划"},{"slug":"backtracking","cnName":"回溯"}],"localFileName":"generateParenthesis.ts","difficulty":"Medium"},{"id":"60","cnName":"排列序列","functionName":"getPermutation","titleSlug":"permutation-sequence","tags":[{"slug":"recursion","cnName":"递归"},{"slug":"math","cnName":"数学"}],"localFileName":"getPermutation.ts","difficulty":"Hard"},{"id":"12","cnName":"整数转罗马数字","functionName":"intToRoman","titleSlug":"integer-to-roman","tags":[{"slug":"hash-table","cnName":"哈希表"},{"slug":"math","cnName":"数学"},{"slug":"string","cnName":"字符串"}],"localFileName":"intToRoman.ts","difficulty":"Medium"},{"id":"343","cnName":"整数拆分","functionName":"integerBreak","titleSlug":"integer-break","tags":[{"slug":"math","cnName":"数学"},{"slug":"dynamic-programming","cnName":"动态规划"}],"localFileName":"integerBreak.ts","difficulty":"Medium"},{"id":"397","cnName":"整数替换","functionName":"integerReplacement","titleSlug":"integer-replacement","tags":[{"slug":"greedy","cnName":"贪心"},{"slug":"bit-manipulation","cnName":"位运算"},{"slug":"memoization","cnName":"记忆化搜索"},{"slug":"dynamic-programming","cnName":"动态规划"}],"localFileName":"integerReplacement.ts","difficulty":"Medium"},{"id":"349","cnName":"两个数组的交集","functionName":"intersection","titleSlug":"intersection-of-two-arrays","tags":[{"slug":"array","cnName":"数组"},{"slug":"hash-table","cnName":"哈希表"},{"slug":"two-pointers","cnName":"双指针"},{"slug":"binary-search","cnName":"二分查找"},{"slug":"sorting","cnName":"排序"}],"localFileName":"intersection.ts","difficulty":"Easy"},{"id":"242","cnName":"有效的字母异位词","functionName":"isAnagram","titleSlug":"valid-anagram","tags":[{"slug":"hash-table","cnName":"哈希表"},{"slug":"string","cnName":"字符串"},{"slug":"sorting","cnName":"排序"}],"localFileName":"isAnagram.ts","difficulty":"Easy"},{"id":"202","cnName":"快乐数","functionName":"isHappy","titleSlug":"happy-number","tags":[{"slug":"hash-table","cnName":"哈希表"},{"slug":"math","cnName":"数学"},{"slug":"two-pointers","cnName":"双指针"}],"localFileName":"isHappy.ts","difficulty":"Easy"},{"id":"876","cnName":"一手顺子","functionName":"isNStraightHand","titleSlug":"hand-of-straights","tags":[{"slug":"greedy","cnName":"贪心"},{"slug":"array","cnName":"数组"},{"slug":"hash-table","cnName":"哈希表"},{"slug":"sorting","cnName":"排序"}],"localFileName":"isNStraightHand.ts","difficulty":"Medium"},{"id":"125","cnName":"验证回文串","functionName":"isPalindrome","titleSlug":"valid-palindrome","tags":[{"slug":"two-pointers","cnName":"双指针"},{"slug":"string","cnName":"字符串"}],"localFileName":"isPalindrome.ts","difficulty":"Easy"},{"id":"9","cnName":"回文数","functionName":"isPalindrome","titleSlug":"palindrome-number","tags":[{"slug":"math","cnName":"数学"}],"localFileName":"isPalindromeNumber.ts","difficulty":"Easy"},{"id":"20","cnName":"有效的括号","functionName":"isValid","titleSlug":"valid-parentheses","tags":[{"slug":"stack","cnName":"栈"},{"slug":"string","cnName":"字符串"}],"localFileName":"isValid.ts","difficulty":"Easy"},{"id":"45","cnName":"跳跃游戏 II","functionName":"jump","titleSlug":"jump-game-ii","tags":[{"slug":"greedy","cnName":"贪心"},{"slug":"array","cnName":"数组"},{"slug":"dynamic-programming","cnName":"动态规划"}],"localFileName":"jump.ts","difficulty":"Medium"},{"id":"1277","cnName":"形成三的最大倍数","functionName":"largestMultipleOfThree","titleSlug":"largest-multiple-of-three","tags":[{"slug":"greedy","cnName":"贪心"},{"slug":"array","cnName":"数组"},{"slug":"dynamic-programming","cnName":"动态规划"}],"localFileName":"largestMultipleOfThree.ts","difficulty":"Hard"},{"id":"1018","cnName":"三角形的最大周长","functionName":"largestPerimeter","titleSlug":"largest-perimeter-triangle","tags":[{"slug":"greedy","cnName":"贪心"},{"slug":"array","cnName":"数组"},{"slug":"math","cnName":"数学"},{"slug":"sorting","cnName":"排序"}],"localFileName":"largestPerimeter.ts","difficulty":"Easy"},{"id":"1047","cnName":"K 次取反后最大化的数组和","functionName":"largestSumAfterKNegations","titleSlug":"maximize-sum-of-array-after-k-negations","tags":[{"slug":"greedy","cnName":"贪心"},{"slug":"array","cnName":"数组"},{"slug":"sorting","cnName":"排序"}],"localFileName":"largestSumAfterKNegations.ts","difficulty":"Easy"},{"id":"1130","cnName":"最后一块石头的重量 II","functionName":"lastStoneWeightII","titleSlug":"last-stone-weight-ii","tags":[{"slug":"array","cnName":"数组"},{"slug":"dynamic-programming","cnName":"动态规划"}],"localFileName":"lastStoneWeightII.ts","difficulty":"Medium"},{"id":"890","cnName":"柠檬水找零","functionName":"lemonadeChange","titleSlug":"lemonade-change","tags":[{"slug":"greedy","cnName":"贪心"},{"slug":"array","cnName":"数组"}],"localFileName":"lemonadeChange.ts","difficulty":"Easy"},{"id":"300","cnName":"最长递增子序列","functionName":"lengthOfLIS","titleSlug":"longest-increasing-subsequence","tags":[{"slug":"array","cnName":"数组"},{"slug":"binary-search","cnName":"二分查找"},{"slug":"dynamic-programming","cnName":"动态规划"}],"localFileName":"lengthOfLIS.ts","difficulty":"Medium"},{"id":"800","cnName":"字母大小写全排列","functionName":"letterCasePermutation","titleSlug":"letter-case-permutation","tags":[{"slug":"bit-manipulation","cnName":"位运算"},{"slug":"string","cnName":"字符串"},{"slug":"backtracking","cnName":"回溯"}],"localFileName":"letterCasePermutation.ts","difficulty":"Medium"},{"id":"17","cnName":"电话号码的字母组合","functionName":"letterCombinations","titleSlug":"letter-combinations-of-a-phone-number","tags":[{"slug":"hash-table","cnName":"哈希表"},{"slug":"string","cnName":"字符串"},{"slug":"backtracking","cnName":"回溯"}],"localFileName":"letterCombinations.ts","difficulty":"Medium"},{"id":"14","cnName":"最长公共前缀","functionName":"longestCommonPrefix","titleSlug":"longest-common-prefix","tags":[{"slug":"trie","cnName":"字典树"},{"slug":"string","cnName":"字符串"}],"localFileName":"longestCommonPrefix.ts","difficulty":"Easy"},{"id":"1250","cnName":"最长公共子序列","functionName":"longestCommonSubsequence","titleSlug":"longest-common-subsequence","tags":[{"slug":"string","cnName":"字符串"},{"slug":"dynamic-programming","cnName":"动态规划"}],"localFileName":"longestCommonSubsequence.ts","difficulty":"Medium"},{"id":"128","cnName":"最长连续序列","functionName":"longestConsecutive","titleSlug":"longest-consecutive-sequence","tags":[{"slug":"union-find","cnName":"并查集"},{"slug":"array","cnName":"数组"},{"slug":"hash-table","cnName":"哈希表"}],"localFileName":"longestConsecutive.ts","difficulty":"Medium"},{"id":"1304","cnName":"最长快乐字符串","functionName":"longestDiverseString","titleSlug":"longest-happy-string","tags":[{"slug":"greedy","cnName":"贪心"},{"slug":"string","cnName":"字符串"},{"slug":"heap-priority-queue","cnName":"堆（优先队列）"}],"localFileName":"longestDiverseString.ts","difficulty":"Medium"},{"id":"409","cnName":"最长回文串","functionName":"longestPalindrome","titleSlug":"longest-palindrome","tags":[{"slug":"greedy","cnName":"贪心"},{"slug":"hash-table","cnName":"哈希表"},{"slug":"string","cnName":"字符串"}],"localFileName":"longestPalindrome.ts","difficulty":"Easy"},{"id":"11","cnName":"盛最多水的容器","functionName":"maxArea","titleSlug":"container-with-most-water","tags":[{"slug":"greedy","cnName":"贪心"},{"slug":"array","cnName":"数组"},{"slug":"two-pointers","cnName":"双指针"}],"localFileName":"maxArea.ts","difficulty":"Medium"},{"id":"1529","cnName":"改变一个整数能得到的最大差值","functionName":"maxDiff","titleSlug":"max-difference-you-can-get-from-changing-an-integer","tags":[{"slug":"greedy","cnName":"贪心"},{"slug":"math","cnName":"数学"}],"localFileName":"maxDiff.ts","difficulty":"Medium"},{"id":"2199","cnName":"两栋颜色不同且距离最远的房子","functionName":"maxDistance","titleSlug":"two-furthest-houses-with-different-colors","tags":[{"slug":"greedy","cnName":"贪心"},{"slug":"array","cnName":"数组"}],"localFileName":"maxDistance.ts","difficulty":"Easy"},{"id":"121","cnName":"买卖股票的最佳时机","functionName":"maxProfit","titleSlug":"best-time-to-buy-and-sell-stock","tags":[{"slug":"array","cnName":"数组"},{"slug":"dynamic-programming","cnName":"动态规划"}],"localFileName":"maxProfit.ts","difficulty":"Easy"},{"id":"714","cnName":"买卖股票的最佳时机含手续费","functionName":"maxProfit","titleSlug":"best-time-to-buy-and-sell-stock-with-transaction-fee","tags":[{"slug":"greedy","cnName":"贪心"},{"slug":"array","cnName":"数组"},{"slug":"dynamic-programming","cnName":"动态规划"}],"localFileName":"maxProfitFee.ts","difficulty":"Medium"},{"id":"122","cnName":"买卖股票的最佳时机 II","functionName":"maxProfit","titleSlug":"best-time-to-buy-and-sell-stock-ii","tags":[{"slug":"greedy","cnName":"贪心"},{"slug":"array","cnName":"数组"},{"slug":"dynamic-programming","cnName":"动态规划"}],"localFileName":"maxProfitIibydp.ts","difficulty":"Medium"},{"id":"188","cnName":"买卖股票的最佳时机 IV","functionName":"maxProfit","titleSlug":"best-time-to-buy-and-sell-stock-iv","tags":[{"slug":"array","cnName":"数组"},{"slug":"dynamic-programming","cnName":"动态规划"}],"localFileName":"maxProfitIv.ts","difficulty":"Hard"},{"id":"309","cnName":"最佳买卖股票时机含冷冻期","functionName":"maxProfit","titleSlug":"best-time-to-buy-and-sell-stock-with-cooldown","tags":[{"slug":"array","cnName":"数组"},{"slug":"dynamic-programming","cnName":"动态规划"}],"localFileName":"maxProfitWithcooldown.ts","difficulty":"Medium"},{"id":"123","cnName":"买卖股票的最佳时机 III","functionName":"maxProfit","titleSlug":"best-time-to-buy-and-sell-stock-iii","tags":[{"slug":"array","cnName":"数组"},{"slug":"dynamic-programming","cnName":"动态规划"}],"localFileName":"maxProfit_II.ts","difficulty":"Hard"},{"id":"239","cnName":"滑动窗口最大值","functionName":"maxSlidingWindow","titleSlug":"sliding-window-maximum","tags":[{"slug":"queue","cnName":"队列"},{"slug":"array","cnName":"数组"},{"slug":"sliding-window","cnName":"滑动窗口"},{"slug":"monotonic-queue","cnName":"单调队列"},{"slug":"heap-priority-queue","cnName":"堆（优先队列）"}],"localFileName":"maxSlidingWindow.ts","difficulty":"Hard"},{"id":"53","cnName":"最大子数组和","functionName":"maxSubArray","titleSlug":"maximum-subarray","tags":[{"slug":"array","cnName":"数组"},{"slug":"divide-and-conquer","cnName":"分治"},{"slug":"dynamic-programming","cnName":"动态规划"}],"localFileName":"maxSubArray.ts","difficulty":"Medium"},{"id":"1388","cnName":"可被三整除的最大和","functionName":"maxSumDivThree","titleSlug":"greatest-sum-divisible-by-three","tags":[{"slug":"greedy","cnName":"贪心"},{"slug":"array","cnName":"数组"},{"slug":"dynamic-programming","cnName":"动态规划"}],"localFileName":"maxSumDivThree.ts","difficulty":"Medium"},{"id":"1448","cnName":"6 和 9 组成的最大数字","functionName":"maximum69Number ","titleSlug":"maximum-69-number","tags":[{"slug":"greedy","cnName":"贪心"},{"slug":"math","cnName":"数学"}],"localFileName":"maximum69Number.ts","difficulty":"Easy"},{"id":"2366","cnName":"装满石头的背包的最大数量","functionName":"maximumBags","titleSlug":"maximum-bags-with-full-capacity-of-rocks","tags":[{"slug":"greedy","cnName":"贪心"},{"slug":"array","cnName":"数组"},{"slug":"sorting","cnName":"排序"}],"localFileName":"maximumBags.ts","difficulty":"Medium"},{"id":"56","cnName":"合并区间","functionName":"merge","titleSlug":"merge-intervals","tags":[{"slug":"array","cnName":"数组"},{"slug":"sorting","cnName":"排序"}],"localFileName":"merge.ts","difficulty":"Medium"},{"id":"88","cnName":"合并两个有序数组","functionName":"merge","titleSlug":"merge-sorted-array","tags":[{"slug":"array","cnName":"数组"},{"slug":"two-pointers","cnName":"双指针"},{"slug":"sorting","cnName":"排序"}],"localFileName":"mergeArray.ts","difficulty":"Easy"},{"id":"747","cnName":"使用最小花费爬楼梯","functionName":"minCostClimbingStairs","titleSlug":"min-cost-climbing-stairs","tags":[{"slug":"array","cnName":"数组"},{"slug":"dynamic-programming","cnName":"动态规划"}],"localFileName":"minCostClimbingStairs.ts","difficulty":"Easy"},{"id":"1329","cnName":"玩筹码","functionName":"minCostToMoveChips","titleSlug":"minimum-cost-to-move-chips-to-the-same-position","tags":[{"slug":"greedy","cnName":"贪心"},{"slug":"array","cnName":"数组"},{"slug":"math","cnName":"数学"}],"localFileName":"minCostToMoveChips.ts","difficulty":"Easy"},{"id":"1519","cnName":"非递增顺序的最小子序列","functionName":"minSubsequence","titleSlug":"minimum-subsequence-in-non-increasing-order","tags":[{"slug":"greedy","cnName":"贪心"},{"slug":"array","cnName":"数组"},{"slug":"sorting","cnName":"排序"}],"localFileName":"minSubsequence.ts","difficulty":"Easy"},{"id":"76","cnName":"最小覆盖子串","functionName":"minWindow","titleSlug":"minimum-window-substring","tags":[{"slug":"hash-table","cnName":"哈希表"},{"slug":"string","cnName":"字符串"},{"slug":"sliding-window","cnName":"滑动窗口"}],"localFileName":"minWindow.ts","difficulty":"Hard"},{"id":"1369","cnName":"交换字符使得字符串相同","functionName":"minimumSwap","titleSlug":"minimum-swaps-to-make-strings-equal","tags":[{"slug":"greedy","cnName":"贪心"},{"slug":"math","cnName":"数学"},{"slug":"string","cnName":"字符串"}],"localFileName":"minimumSwap.ts","difficulty":"Medium"},{"id":"268","cnName":"丢失的数字","functionName":"missingNumber","titleSlug":"missing-number","tags":[{"slug":"bit-manipulation","cnName":"位运算"},{"slug":"array","cnName":"数组"},{"slug":"hash-table","cnName":"哈希表"},{"slug":"math","cnName":"数学"},{"slug":"binary-search","cnName":"二分查找"},{"slug":"sorting","cnName":"排序"}],"localFileName":"missingNumber.ts","difficulty":"Easy"},{"id":"738","cnName":"单调递增的数字","functionName":"monotoneIncreasingDigits","titleSlug":"monotone-increasing-digits","tags":[{"slug":"greedy","cnName":"贪心"},{"slug":"math","cnName":"数学"}],"localFileName":"monotoneIncreasingDigits.ts","difficulty":"Medium"},{"id":"283","cnName":"移动零","functionName":"moveZeroes","titleSlug":"move-zeroes","tags":[{"slug":"array","cnName":"数组"},{"slug":"two-pointers","cnName":"双指针"}],"localFileName":"moveZeroes.ts","difficulty":"Easy"},{"id":"31","cnName":"下一个排列","functionName":"nextPermutation","titleSlug":"next-permutation","tags":[{"slug":"array","cnName":"数组"},{"slug":"two-pointers","cnName":"双指针"}],"localFileName":"nextPermutation.ts","difficulty":"Medium"},{"id":"753","cnName":"打开转盘锁","functionName":"openLock","titleSlug":"open-the-lock","tags":[{"slug":"breadth-first-search","cnName":"广度优先搜索"},{"slug":"array","cnName":"数组"},{"slug":"hash-table","cnName":"哈希表"},{"slug":"string","cnName":"字符串"}],"localFileName":"openLock.ts","difficulty":"Medium"},{"id":"131","cnName":"分割回文串","functionName":"partition","titleSlug":"palindrome-partitioning","tags":[{"slug":"string","cnName":"字符串"},{"slug":"dynamic-programming","cnName":"动态规划"},{"slug":"backtracking","cnName":"回溯"}],"localFileName":"partition.ts","difficulty":"Medium"},{"id":"768","cnName":"划分字母区间","functionName":"partitionLabels","titleSlug":"partition-labels","tags":[{"slug":"greedy","cnName":"贪心"},{"slug":"hash-table","cnName":"哈希表"},{"slug":"two-pointers","cnName":"双指针"},{"slug":"string","cnName":"字符串"}],"localFileName":"partitionLabels.ts","difficulty":"Medium"},{"id":"46","cnName":"全排列","functionName":"permute","titleSlug":"permutations","tags":[{"slug":"array","cnName":"数组"},{"slug":"backtracking","cnName":"回溯"}],"localFileName":"permute.ts","difficulty":"Medium"},{"id":"47","cnName":"全排列 II","functionName":"permuteUnique","titleSlug":"permutations-ii","tags":[{"slug":"array","cnName":"数组"},{"slug":"backtracking","cnName":"回溯"}],"localFileName":"permuteUnique.ts","difficulty":"Medium"},{"id":"66","cnName":"加一","functionName":"plusOne","titleSlug":"plus-one","tags":[{"slug":"array","cnName":"数组"},{"slug":"math","cnName":"数学"}],"localFileName":"plusOne.ts","difficulty":"Easy"},{"id":"406","cnName":"根据身高重建队列","functionName":"reconstructQueue","titleSlug":"queue-reconstruction-by-height","tags":[{"slug":"greedy","cnName":"贪心"},{"slug":"binary-indexed-tree","cnName":"树状数组"},{"slug":"segment-tree","cnName":"线段树"},{"slug":"array","cnName":"数组"},{"slug":"sorting","cnName":"排序"}],"localFileName":"reconstructQueue.ts","difficulty":"Medium"},{"id":"26","cnName":"删除有序数组中的重复项","functionName":"removeDuplicates","titleSlug":"remove-duplicates-from-sorted-array","tags":[{"slug":"array","cnName":"数组"},{"slug":"two-pointers","cnName":"双指针"}],"localFileName":"removeDuplicates.ts","difficulty":"Easy"},{"id":"1128","cnName":"删除字符串中的所有相邻重复项","functionName":"removeDuplicates","titleSlug":"remove-all-adjacent-duplicates-in-string","tags":[{"slug":"stack","cnName":"栈"},{"slug":"string","cnName":"字符串"}],"localFileName":"removeDuplicatesString.ts","difficulty":"Easy"},{"id":"402","cnName":"移掉 K 位数字","functionName":"removeKdigits","titleSlug":"remove-k-digits","tags":[{"slug":"stack","cnName":"栈"},{"slug":"greedy","cnName":"贪心"},{"slug":"string","cnName":"字符串"},{"slug":"monotonic-stack","cnName":"单调栈"}],"localFileName":"removeKdigits.ts","difficulty":"Medium"},{"id":"778","cnName":"重构字符串","functionName":"reorganizeString","titleSlug":"reorganize-string","tags":[{"slug":"greedy","cnName":"贪心"},{"slug":"hash-table","cnName":"哈希表"},{"slug":"string","cnName":"字符串"},{"slug":"counting","cnName":"计数"},{"slug":"sorting","cnName":"排序"},{"slug":"heap-priority-queue","cnName":"堆（优先队列）"}],"localFileName":"reorganizeString.ts","difficulty":"Medium"},{"id":"459","cnName":"重复的子字符串","functionName":"repeatedSubstringPattern","titleSlug":"repeated-substring-pattern","tags":[{"slug":"string","cnName":"字符串"},{"slug":"string-matching","cnName":"字符串匹配"}],"localFileName":"repeatedSubstringPattern.ts","difficulty":"Easy"},{"id":"100280","cnName":"替换空格","functionName":"replaceSpace","titleSlug":"ti-huan-kong-ge-lcof","tags":[{"slug":"string","cnName":"字符串"}],"localFileName":"replaceSpace.ts","difficulty":"Easy"},{"id":"93","cnName":"复原 IP 地址","functionName":"restoreIpAddresses","titleSlug":"restore-ip-addresses","tags":[{"slug":"string","cnName":"字符串"},{"slug":"backtracking","cnName":"回溯"}],"localFileName":"restoreIpAddresses.ts","difficulty":"Medium"},{"id":"7","cnName":"整数反转","functionName":"reverse","titleSlug":"reverse-integer","tags":[{"slug":"math","cnName":"数学"}],"localFileName":"reverse.ts","difficulty":"Medium"},{"id":"100330","cnName":"左旋转字符串","functionName":"reverseLeftWords","titleSlug":"zuo-xuan-zhuan-zi-fu-chuan-lcof","tags":[{"slug":"math","cnName":"数学"},{"slug":"two-pointers","cnName":"双指针"},{"slug":"string","cnName":"字符串"}],"localFileName":"reverseLeftWords.ts","difficulty":"Easy"},{"id":"541","cnName":"反转字符串 II","functionName":"reverseStr","titleSlug":"reverse-string-ii","tags":[{"slug":"two-pointers","cnName":"双指针"},{"slug":"string","cnName":"字符串"}],"localFileName":"reverseStr.ts","difficulty":"Easy"},{"id":"344","cnName":"反转字符串","functionName":"reverseString","titleSlug":"reverse-string","tags":[{"slug":"two-pointers","cnName":"双指针"},{"slug":"string","cnName":"字符串"}],"localFileName":"reverseString.ts","difficulty":"Easy"},{"id":"151","cnName":"反转字符串中的单词","functionName":"reverseWords","titleSlug":"reverse-words-in-a-string","tags":[{"slug":"two-pointers","cnName":"双指针"},{"slug":"string","cnName":"字符串"}],"localFileName":"reverseWords.ts","difficulty":"Medium"},{"id":"198","cnName":"打家劫舍","functionName":"rob","titleSlug":"house-robber","tags":[{"slug":"array","cnName":"数组"},{"slug":"dynamic-programming","cnName":"动态规划"}],"localFileName":"rob.ts","difficulty":"Medium"},{"id":"213","cnName":"打家劫舍 II","functionName":"rob","titleSlug":"house-robber-ii","tags":[{"slug":"array","cnName":"数组"},{"slug":"dynamic-programming","cnName":"动态规划"}],"localFileName":"rob_II.ts","difficulty":"Medium"},{"id":"35","cnName":"搜索插入位置","functionName":"searchInsert","titleSlug":"search-insert-position","tags":[{"slug":"array","cnName":"数组"},{"slug":"binary-search","cnName":"二分查找"}],"localFileName":"searchInsert.ts","difficulty":"Easy"},{"id":"136","cnName":"只出现一次的数字","functionName":"singleNumber","titleSlug":"single-number","tags":[{"slug":"bit-manipulation","cnName":"位运算"},{"slug":"array","cnName":"数组"}],"localFileName":"singleNumber.ts","difficulty":"Easy"},{"id":"51","cnName":"N 皇后","functionName":"solveNQueens","titleSlug":"n-queens","tags":[{"slug":"array","cnName":"数组"},{"slug":"backtracking","cnName":"回溯"}],"localFileName":"solveNQueens.ts","difficulty":"Hard"},{"id":"75","cnName":"颜色分类","functionName":"sortColors","titleSlug":"sort-colors","tags":[{"slug":"array","cnName":"数组"},{"slug":"two-pointers","cnName":"双指针"},{"slug":"sorting","cnName":"排序"}],"localFileName":"sortColors.ts","difficulty":"Medium"},{"id":"28","cnName":"找出字符串中第一个匹配项的下标","functionName":"strStr","titleSlug":"find-the-index-of-the-first-occurrence-in-a-string","tags":[{"slug":"two-pointers","cnName":"双指针"},{"slug":"string","cnName":"字符串"},{"slug":"string-matching","cnName":"字符串匹配"}],"localFileName":"strStr.ts","difficulty":"Medium"},{"id":"78","cnName":"子集","functionName":"subsets","titleSlug":"subsets","tags":[{"slug":"bit-manipulation","cnName":"位运算"},{"slug":"array","cnName":"数组"},{"slug":"backtracking","cnName":"回溯"}],"localFileName":"subsets.ts","difficulty":"Medium"},{"id":"90","cnName":"子集 II","functionName":"subsetsWithDup","titleSlug":"subsets-ii","tags":[{"slug":"bit-manipulation","cnName":"位运算"},{"slug":"array","cnName":"数组"},{"slug":"backtracking","cnName":"回溯"}],"localFileName":"subsetsWithDup.ts","difficulty":"Medium"},{"id":"15","cnName":"三数之和","functionName":"threeSum","titleSlug":"3sum","tags":[{"slug":"array","cnName":"数组"},{"slug":"two-pointers","cnName":"双指针"},{"slug":"sorting","cnName":"排序"}],"localFileName":"threeSum.ts","difficulty":"Medium"},{"id":"171","cnName":"Excel 表列序号","functionName":"titleToNumber","titleSlug":"excel-sheet-column-number","tags":[{"slug":"math","cnName":"数学"},{"slug":"string","cnName":"字符串"}],"localFileName":"titleToNumber.ts","difficulty":"Easy"},{"id":"347","cnName":"前 K 个高频元素","functionName":"topKFrequent","titleSlug":"top-k-frequent-elements","tags":[{"slug":"array","cnName":"数组"},{"slug":"hash-table","cnName":"哈希表"},{"slug":"divide-and-conquer","cnName":"分治"},{"slug":"bucket-sort","cnName":"桶排序"},{"slug":"counting","cnName":"计数"},{"slug":"quickselect","cnName":"快速选择"},{"slug":"sorting","cnName":"排序"},{"slug":"heap-priority-queue","cnName":"堆（优先队列）"}],"localFileName":"topKFrequent.ts","difficulty":"Medium"},{"id":"1","cnName":"两数之和","functionName":"twoSum","titleSlug":"two-sum","tags":[{"slug":"array","cnName":"数组"},{"slug":"hash-table","cnName":"哈希表"}],"localFileName":"twoSum.ts","difficulty":"Easy"},{"id":"62","cnName":"不同路径","functionName":"uniquePaths","titleSlug":"unique-paths","tags":[{"slug":"math","cnName":"数学"},{"slug":"dynamic-programming","cnName":"动态规划"},{"slug":"combinatorics","cnName":"组合数学"}],"localFileName":"uniquePaths.ts","difficulty":"Medium"},{"id":"63","cnName":"不同路径 II","functionName":"uniquePathsWithObstacles","titleSlug":"unique-paths-ii","tags":[{"slug":"array","cnName":"数组"},{"slug":"dynamic-programming","cnName":"动态规划"},{"slug":"matrix","cnName":"矩阵"}],"localFileName":"uniquePathsWithObstacles.ts","difficulty":"Medium"},{"id":"680","cnName":"验证回文串 II","functionName":"validPalindrome","titleSlug":"valid-palindrome-ii","tags":[{"slug":"greedy","cnName":"贪心"},{"slug":"two-pointers","cnName":"双指针"},{"slug":"string","cnName":"字符串"}],"localFileName":"validPalindrome.ts","difficulty":"Easy"},{"id":"1105","cnName":"不相交的线","functionName":"maxUncrossedLines","titleSlug":"uncrossed-lines","tags":[{"slug":"array","cnName":"数组"},{"slug":"dynamic-programming","cnName":"动态规划"}],"localFileName":"maxUncrossedLines_II.ts","difficulty":"Medium"},{"id":"392","cnName":"判断子序列","functionName":"isSubsequence","titleSlug":"is-subsequence","tags":[{"slug":"two-pointers","cnName":"双指针"},{"slug":"string","cnName":"字符串"},{"slug":"dynamic-programming","cnName":"动态规划"}],"localFileName":"isSubsequence.ts","difficulty":"Easy"},{"id":"115","cnName":"不同的子序列","functionName":"numDistinct","titleSlug":"distinct-subsequences","tags":[{"slug":"string","cnName":"字符串"},{"slug":"dynamic-programming","cnName":"动态规划"}],"localFileName":"numDistinct.ts","difficulty":"Hard"},{"id":"583","cnName":"两个字符串的删除操作","functionName":"minDistance","titleSlug":"delete-operation-for-two-strings","tags":[{"slug":"string","cnName":"字符串"},{"slug":"dynamic-programming","cnName":"动态规划"}],"localFileName":"minDistance.ts","difficulty":"Medium"},{"id":"647","cnName":"回文子串","functionName":"countSubstrings","titleSlug":"palindromic-substrings","tags":[{"slug":"string","cnName":"字符串"},{"slug":"dynamic-programming","cnName":"动态规划"}],"localFileName":"countSubstrings.ts","difficulty":"Medium"},{"id":"516","cnName":"最长回文子序列","functionName":"longestPalindromeSubseq","titleSlug":"longest-palindromic-subsequence","tags":[{"slug":"string","cnName":"字符串"},{"slug":"dynamic-programming","cnName":"动态规划"}],"localFileName":"longestPalindromeSubseq.ts","difficulty":"Medium"},{"id":"739","cnName":"每日温度","functionName":"dailyTemperatures","titleSlug":"daily-temperatures","tags":[{"slug":"stack","cnName":"栈"},{"slug":"array","cnName":"数组"},{"slug":"monotonic-stack","cnName":"单调栈"}],"localFileName":"dailyTemperatures.ts","difficulty":"Medium"},{"id":"496","cnName":"下一个更大元素 I","functionName":"nextGreaterElement","titleSlug":"next-greater-element-i","tags":[{"slug":"stack","cnName":"栈"},{"slug":"array","cnName":"数组"},{"slug":"hash-table","cnName":"哈希表"},{"slug":"monotonic-stack","cnName":"单调栈"}],"localFileName":"nextGreaterElement.ts","difficulty":"Easy"},{"id":"503","cnName":"下一个更大元素 II","functionName":"nextGreaterElements","titleSlug":"next-greater-element-ii","tags":[{"slug":"stack","cnName":"栈"},{"slug":"array","cnName":"数组"},{"slug":"monotonic-stack","cnName":"单调栈"}],"localFileName":"nextGreaterElementsIi.ts","difficulty":"Medium"},{"id":"42","cnName":"接雨水","functionName":"trap","titleSlug":"trapping-rain-water","tags":[{"slug":"stack","cnName":"栈"},{"slug":"array","cnName":"数组"},{"slug":"two-pointers","cnName":"双指针"},{"slug":"dynamic-programming","cnName":"动态规划"},{"slug":"monotonic-stack","cnName":"单调栈"}],"localFileName":"trap.ts","difficulty":"Hard"},{"id":"84","cnName":"柱状图中最大的矩形","functionName":"largestRectangleArea","titleSlug":"largest-rectangle-in-histogram","tags":[{"slug":"stack","cnName":"栈"},{"slug":"array","cnName":"数组"},{"slug":"monotonic-stack","cnName":"单调栈"}],"localFileName":"largestRectangleArea.ts","difficulty":"Hard"},{"id":"581","cnName":"最短无序连续子数组","functionName":"findUnsortedSubarray","titleSlug":"shortest-unsorted-continuous-subarray","tags":[{"slug":"stack","cnName":"栈"},{"slug":"greedy","cnName":"贪心"},{"slug":"array","cnName":"数组"},{"slug":"two-pointers","cnName":"双指针"},{"slug":"sorting","cnName":"排序"},{"slug":"monotonic-stack","cnName":"单调栈"}],"localFileName":"findUnsortedSubarray.ts","difficulty":"Medium"},{"id":"1570","cnName":"商品折扣后的最终价格","functionName":"finalPrices","titleSlug":"final-prices-with-a-special-discount-in-a-shop","tags":[{"slug":"stack","cnName":"栈"},{"slug":"array","cnName":"数组"},{"slug":"monotonic-stack","cnName":"单调栈"}],"localFileName":"finalPrices.ts","difficulty":"Easy"},{"id":"682","cnName":"棒球比赛","functionName":"calPoints","titleSlug":"baseball-game","tags":[{"slug":"stack","cnName":"栈"},{"slug":"array","cnName":"数组"},{"slug":"simulation","cnName":"模拟"}],"localFileName":"calPoints.ts","difficulty":"Easy"},{"id":"874","cnName":"比较含退格的字符串","functionName":"backspaceCompare","titleSlug":"backspace-string-compare","tags":[{"slug":"stack","cnName":"栈"},{"slug":"two-pointers","cnName":"双指针"},{"slug":"string","cnName":"字符串"},{"slug":"simulation","cnName":"模拟"}],"localFileName":"backspaceCompare.ts","difficulty":"Easy"},{"id":"886","cnName":"括号的分数","functionName":"scoreOfParentheses","titleSlug":"score-of-parentheses","tags":[{"slug":"stack","cnName":"栈"},{"slug":"string","cnName":"字符串"}],"localFileName":"scoreOfParentheses.ts","difficulty":"Medium"},{"id":"943","cnName":"子数组的最小值之和","functionName":"sumSubarrayMins","titleSlug":"sum-of-subarray-minimums","tags":[{"slug":"stack","cnName":"栈"},{"slug":"array","cnName":"数组"},{"slug":"dynamic-programming","cnName":"动态规划"},{"slug":"monotonic-stack","cnName":"单调栈"}],"localFileName":"sumSubarrayMins.ts","difficulty":"Medium"},{"id":"1666","cnName":"整理字符串","functionName":"makeGood","titleSlug":"make-the-string-great","tags":[{"slug":"stack","cnName":"栈"},{"slug":"string","cnName":"字符串"}],"localFileName":"makeGood.ts","difficulty":"Easy"},{"id":"100169","cnName":"栈的最小值","titleSlug":"min-stack-lcci","tags":[{"slug":"stack","cnName":"栈"},{"slug":"design","cnName":"设计"}],"localFileName":"undefined.ts","difficulty":"Easy"},{"id":"316","cnName":"去除重复字母","functionName":"removeDuplicateLetters","titleSlug":"remove-duplicate-letters","tags":[{"slug":"stack","cnName":"栈"},{"slug":"greedy","cnName":"贪心"},{"slug":"string","cnName":"字符串"},{"slug":"monotonic-stack","cnName":"单调栈"}],"localFileName":"removeDuplicateLetters.ts","difficulty":"Medium"},{"id":"1482","cnName":"有多少小于当前数字的数字","functionName":"smallerNumbersThanCurrent","titleSlug":"how-many-numbers-are-smaller-than-the-current-number","tags":[{"slug":"array","cnName":"数组"},{"slug":"hash-table","cnName":"哈希表"},{"slug":"counting","cnName":"计数"},{"slug":"sorting","cnName":"排序"}],"localFileName":"smallerNumbersThanCurrent.ts","difficulty":"Easy"},{"id":"978","cnName":"有效的山脉数组","functionName":"validMountainArray","titleSlug":"valid-mountain-array","tags":[{"slug":"array","cnName":"数组"}],"localFileName":"validMountainArray.ts","difficulty":"Easy"},{"id":"1319","cnName":"独一无二的出现次数","functionName":"uniqueOccurrences","titleSlug":"unique-number-of-occurrences","tags":[{"slug":"array","cnName":"数组"},{"slug":"hash-table","cnName":"哈希表"}],"localFileName":"uniqueOccurrences.ts","difficulty":"Easy"},{"id":"189","cnName":"轮转数组","functionName":"rotate","titleSlug":"rotate-array","tags":[{"slug":"array","cnName":"数组"},{"slug":"math","cnName":"数学"},{"slug":"two-pointers","cnName":"双指针"}],"localFileName":"rotate.ts","difficulty":"Medium"},{"id":"724","cnName":"寻找数组的中心下标","functionName":"pivotIndex","titleSlug":"find-pivot-index","tags":[{"slug":"array","cnName":"数组"},{"slug":"prefix-sum","cnName":"前缀和"}],"localFileName":"pivotIndex.ts","difficulty":"Easy"},{"id":"34","cnName":"在排序数组中查找元素的第一个和最后一个位置","functionName":"searchRange","titleSlug":"find-first-and-last-position-of-element-in-sorted-array","tags":[{"slug":"array","cnName":"数组"},{"slug":"binary-search","cnName":"二分查找"}],"localFileName":"searchRange.ts","difficulty":"Medium"},{"id":"958","cnName":"按奇偶排序数组 II","functionName":"sortArrayByParityII","titleSlug":"sort-array-by-parity-ii","tags":[{"slug":"array","cnName":"数组"},{"slug":"two-pointers","cnName":"双指针"},{"slug":"sorting","cnName":"排序"}],"localFileName":"sortArrayByParityII.ts","difficulty":"Easy"},{"id":"205","cnName":"同构字符串","functionName":"isIsomorphic","titleSlug":"isomorphic-strings","tags":[{"slug":"hash-table","cnName":"哈希表"},{"slug":"string","cnName":"字符串"}],"localFileName":"isIsomorphic.ts","difficulty":"Easy"},{"id":"1044","cnName":"查找共用字符","functionName":"commonChars","titleSlug":"find-common-characters","tags":[{"slug":"array","cnName":"数组"},{"slug":"hash-table","cnName":"哈希表"},{"slug":"string","cnName":"字符串"}],"localFileName":"commonChars.ts","difficulty":"Easy"},{"id":"961","cnName":"长按键入","functionName":"isLongPressedName","titleSlug":"long-pressed-name","tags":[{"slug":"two-pointers","cnName":"双指针"},{"slug":"string","cnName":"字符串"}],"localFileName":"isLongPressedName.ts","difficulty":"Easy"},{"id":"187","cnName":"重复的DNA序列","functionName":"findRepeatedDnaSequences","titleSlug":"repeated-dna-sequences","tags":[{"slug":"bit-manipulation","cnName":"位运算"},{"slug":"hash-table","cnName":"哈希表"},{"slug":"string","cnName":"字符串"},{"slug":"sliding-window","cnName":"滑动窗口"},{"slug":"hash-function","cnName":"哈希函数"},{"slug":"rolling-hash","cnName":"滚动哈希"}],"localFileName":"findRepeatedDnaSequences.ts","difficulty":"Medium"},{"id":"384","cnName":"打乱数组","titleSlug":"shuffle-an-array","tags":[{"slug":"array","cnName":"数组"},{"slug":"math","cnName":"数学"},{"slug":"randomized","cnName":"随机化"}],"localFileName":"undefined.ts","difficulty":"Medium"},{"id":"67","cnName":"二进制求和","functionName":"addBinary","titleSlug":"add-binary","tags":[{"slug":"bit-manipulation","cnName":"位运算"},{"slug":"math","cnName":"数学"},{"slug":"string","cnName":"字符串"},{"slug":"simulation","cnName":"模拟"}],"localFileName":"addBinary.ts","difficulty":"Easy"},{"id":"137","cnName":"只出现一次的数字 II","functionName":"singleNumber","titleSlug":"single-number-ii","tags":[{"slug":"bit-manipulation","cnName":"位运算"},{"slug":"array","cnName":"数组"}],"localFileName":"singleNumberIi.ts","difficulty":"Medium"},{"id":"191","cnName":"位1的个数","functionName":"hammingWeight","titleSlug":"number-of-1-bits","tags":[{"slug":"bit-manipulation","cnName":"位运算"},{"slug":"divide-and-conquer","cnName":"分治"}],"localFileName":"hammingWeight.ts","difficulty":"Easy"},{"id":"172","cnName":"阶乘后的零","functionName":"trailingZeroes","titleSlug":"factorial-trailing-zeroes","tags":[{"slug":"math","cnName":"数学"}],"localFileName":"trailingZeroes.ts","difficulty":"Medium"},{"id":"204","cnName":"计数质数","functionName":"countPrimes","titleSlug":"count-primes","tags":[{"slug":"array","cnName":"数组"},{"slug":"math","cnName":"数学"},{"slug":"enumeration","cnName":"枚举"},{"slug":"number-theory","cnName":"数论"}],"localFileName":"countPrimes.ts","difficulty":"Medium"},{"id":"372","cnName":"超级次方","functionName":"superPow","titleSlug":"super-pow","tags":[{"slug":"math","cnName":"数学"},{"slug":"divide-and-conquer","cnName":"分治"}],"localFileName":"superPow.ts","difficulty":"Medium"},{"id":"6","cnName":"N 字形变换","functionName":"convert","titleSlug":"zigzag-conversion","tags":[{"slug":"string","cnName":"字符串"}],"localFileName":"convert.ts","difficulty":"Medium"},{"id":"150","cnName":"逆波兰表达式求值","functionName":"evalRPN","titleSlug":"evaluate-reverse-polish-notation","tags":[{"slug":"stack","cnName":"栈"},{"slug":"array","cnName":"数组"},{"slug":"math","cnName":"数学"}],"localFileName":"evalRPN.ts","difficulty":"Medium"},{"id":"149","cnName":"直线上最多的点数","functionName":"maxPoints","titleSlug":"max-points-on-a-line","tags":[{"slug":"geometry","cnName":"几何"},{"slug":"array","cnName":"数组"},{"slug":"hash-table","cnName":"哈希表"},{"slug":"math","cnName":"数学"}],"localFileName":"maxPoints.ts","difficulty":"Hard"},{"id":"389","cnName":"找不同","functionName":"findTheDifference","titleSlug":"find-the-difference","tags":[{"slug":"bit-manipulation","cnName":"位运算"},{"slug":"hash-table","cnName":"哈希表"},{"slug":"string","cnName":"字符串"},{"slug":"sorting","cnName":"排序"}],"localFileName":"findTheDifference.ts","difficulty":"Easy"},{"id":"367","cnName":"有效的完全平方数","functionName":"isPerfectSquare","titleSlug":"valid-perfect-square","tags":[{"slug":"math","cnName":"数学"},{"slug":"binary-search","cnName":"二分查找"}],"localFileName":"isPerfectSquare.ts","difficulty":"Easy"},{"id":"441","cnName":"排列硬币","functionName":"arrangeCoins","titleSlug":"arranging-coins","tags":[{"slug":"math","cnName":"数学"},{"slug":"binary-search","cnName":"二分查找"}],"localFileName":"arrangeCoins.ts","difficulty":"Easy"},{"id":"453","cnName":"最小操作次数使数组元素相等","functionName":"minMoves","titleSlug":"minimum-moves-to-equal-array-elements","tags":[{"slug":"array","cnName":"数组"},{"slug":"math","cnName":"数学"}],"localFileName":"minMoves.ts","difficulty":"Medium"},{"id":"16","cnName":"最接近的三数之和","functionName":"threeSumClosest","titleSlug":"3sum-closest","tags":[{"slug":"array","cnName":"数组"},{"slug":"two-pointers","cnName":"双指针"},{"slug":"sorting","cnName":"排序"}],"localFileName":"threeSumClosest.ts","difficulty":"Medium"},{"id":"89","cnName":"格雷编码","functionName":"grayCode","titleSlug":"gray-code","tags":[{"slug":"bit-manipulation","cnName":"位运算"},{"slug":"math","cnName":"数学"},{"slug":"backtracking","cnName":"回溯"}],"localFileName":"grayCode.ts","difficulty":"Medium"},{"id":"169","cnName":"多数元素","functionName":"majorityElement","titleSlug":"majority-element","tags":[{"slug":"array","cnName":"数组"},{"slug":"hash-table","cnName":"哈希表"},{"slug":"divide-and-conquer","cnName":"分治"},{"slug":"counting","cnName":"计数"},{"slug":"sorting","cnName":"排序"}],"localFileName":"majorityElement.ts","difficulty":"Easy"},{"id":"215","cnName":"数组中的第K个最大元素","functionName":"findKthLargest","titleSlug":"kth-largest-element-in-an-array","tags":[{"slug":"array","cnName":"数组"},{"slug":"divide-and-conquer","cnName":"分治"},{"slug":"quickselect","cnName":"快速选择"},{"slug":"sorting","cnName":"排序"},{"slug":"heap-priority-queue","cnName":"堆（优先队列）"}],"localFileName":"findKthLargest.ts","difficulty":"Medium"},{"id":"557","cnName":"反转字符串中的单词 III","functionName":"reverseWords","titleSlug":"reverse-words-in-a-string-iii","tags":[{"slug":"two-pointers","cnName":"双指针"},{"slug":"string","cnName":"字符串"}],"localFileName":"reverseWords_II.ts","difficulty":"Easy"},{"id":"1056","cnName":"在 D 天内送达包裹的能力","functionName":"shipWithinDays","titleSlug":"capacity-to-ship-packages-within-d-days","tags":[{"slug":"array","cnName":"数组"},{"slug":"binary-search","cnName":"二分查找"}],"localFileName":"shipWithinDays.ts","difficulty":"Medium"},{"id":"907","cnName":"爱吃香蕉的珂珂","functionName":"minEatingSpeed","titleSlug":"koko-eating-bananas","tags":[{"slug":"array","cnName":"数组"},{"slug":"binary-search","cnName":"二分查找"}],"localFileName":"minEatingSpeed.ts","difficulty":"Medium"},{"id":"1605","cnName":"制作 m 束花所需的最少天数","functionName":"minDays","titleSlug":"minimum-number-of-days-to-make-m-bouquets","tags":[{"slug":"array","cnName":"数组"},{"slug":"binary-search","cnName":"二分查找"}],"localFileName":"minDays.ts","difficulty":"Medium"},{"id":"901","cnName":"优势洗牌","functionName":"advantageCount","titleSlug":"advantage-shuffle","tags":[{"slug":"greedy","cnName":"贪心"},{"slug":"array","cnName":"数组"},{"slug":"two-pointers","cnName":"双指针"},{"slug":"sorting","cnName":"排序"}],"localFileName":"advantageCount.ts","difficulty":"Medium"},{"id":"380","cnName":"O(1) 时间插入、删除和获取随机元素","titleSlug":"insert-delete-getrandom-o1","tags":[{"slug":"design","cnName":"设计"},{"slug":"array","cnName":"数组"},{"slug":"hash-table","cnName":"哈希表"},{"slug":"math","cnName":"数学"},{"slug":"randomized","cnName":"随机化"}],"localFileName":"undefined.ts","difficulty":"Medium"},{"id":"4","cnName":"寻找两个正序数组的中位数","functionName":"findMedianSortedArrays","titleSlug":"median-of-two-sorted-arrays","tags":[{"slug":"array","cnName":"数组"},{"slug":"binary-search","cnName":"二分查找"},{"slug":"divide-and-conquer","cnName":"分治"}],"localFileName":"findMedianSortedArrays.ts","difficulty":"Hard"},{"id":"5","cnName":"最长回文子串","functionName":"longestPalindrome","titleSlug":"longest-palindromic-substring","tags":[{"slug":"string","cnName":"字符串"},{"slug":"dynamic-programming","cnName":"动态规划"}],"localFileName":"longestPalindrome_II.ts","difficulty":"Medium"},{"id":"13","cnName":"罗马数字转整数","functionName":"romanToInt","titleSlug":"roman-to-integer","tags":[{"slug":"hash-table","cnName":"哈希表"},{"slug":"math","cnName":"数学"},{"slug":"string","cnName":"字符串"}],"localFileName":"romanToInt.ts","difficulty":"Easy"},{"id":"222","cnName":"完全二叉树的节点个数","functionName":"countNodes","titleSlug":"count-complete-tree-nodes","tags":[{"slug":"tree","cnName":"树"},{"slug":"depth-first-search","cnName":"深度优先搜索"},{"slug":"binary-search","cnName":"二分查找"},{"slug":"binary-tree","cnName":"二叉树"}],"localFileName":"countNodes.ts","difficulty":"Medium"},{"id":"110","cnName":"平衡二叉树","functionName":"isBalanced","titleSlug":"balanced-binary-tree","tags":[{"slug":"tree","cnName":"树"},{"slug":"depth-first-search","cnName":"深度优先搜索"},{"slug":"binary-tree","cnName":"二叉树"}],"localFileName":"isBalanced.ts","difficulty":"Easy"},{"id":"257","cnName":"二叉树的所有路径","functionName":"binaryTreePaths","titleSlug":"binary-tree-paths","tags":[{"slug":"tree","cnName":"树"},{"slug":"depth-first-search","cnName":"深度优先搜索"},{"slug":"string","cnName":"字符串"},{"slug":"backtracking","cnName":"回溯"},{"slug":"binary-tree","cnName":"二叉树"}],"localFileName":"binaryTreePaths.ts","difficulty":"Easy"},{"id":"100","cnName":"相同的树","functionName":"isSameTree","titleSlug":"same-tree","tags":[{"slug":"tree","cnName":"树"},{"slug":"depth-first-search","cnName":"深度优先搜索"},{"slug":"breadth-first-search","cnName":"广度优先搜索"},{"slug":"binary-tree","cnName":"二叉树"}],"localFileName":"isSameTree.ts","difficulty":"Easy"},{"id":"572","cnName":"另一棵树的子树","functionName":"isSubtree","titleSlug":"subtree-of-another-tree","tags":[{"slug":"tree","cnName":"树"},{"slug":"depth-first-search","cnName":"深度优先搜索"},{"slug":"binary-tree","cnName":"二叉树"},{"slug":"string-matching","cnName":"字符串匹配"},{"slug":"hash-function","cnName":"哈希函数"}],"localFileName":"isSubtree.ts","difficulty":"Easy"},{"id":"226","cnName":"翻转二叉树","functionName":"invertTree","titleSlug":"invert-binary-tree","tags":[{"slug":"tree","cnName":"树"},{"slug":"depth-first-search","cnName":"深度优先搜索"},{"slug":"breadth-first-search","cnName":"广度优先搜索"},{"slug":"binary-tree","cnName":"二叉树"}],"localFileName":"invertTree.ts","difficulty":"Easy"},{"id":"617","cnName":"合并二叉树","functionName":"mergeTrees","titleSlug":"merge-two-binary-trees","tags":[{"slug":"tree","cnName":"树"},{"slug":"depth-first-search","cnName":"深度优先搜索"},{"slug":"breadth-first-search","cnName":"广度优先搜索"},{"slug":"binary-tree","cnName":"二叉树"}],"localFileName":"mergeTrees.ts","difficulty":"Easy"},{"id":"100289","cnName":"对称的二叉树","functionName":"isSymmetric","titleSlug":"dui-cheng-de-er-cha-shu-lcof","tags":[{"slug":"tree","cnName":"树"},{"slug":"depth-first-search","cnName":"深度优先搜索"},{"slug":"breadth-first-search","cnName":"广度优先搜索"},{"slug":"binary-tree","cnName":"二叉树"}],"localFileName":"isSymmetric.ts","difficulty":"Easy"},{"id":"404","cnName":"左叶子之和","functionName":"sumOfLeftLeaves","titleSlug":"sum-of-left-leaves","tags":[{"slug":"tree","cnName":"树"},{"slug":"depth-first-search","cnName":"深度优先搜索"},{"slug":"breadth-first-search","cnName":"广度优先搜索"},{"slug":"binary-tree","cnName":"二叉树"}],"localFileName":"sumOfLeftLeaves.ts","difficulty":"Easy"},{"id":"513","cnName":"找树左下角的值","functionName":"findBottomLeftValue","titleSlug":"find-bottom-left-tree-value","tags":[{"slug":"tree","cnName":"树"},{"slug":"depth-first-search","cnName":"深度优先搜索"},{"slug":"breadth-first-search","cnName":"广度优先搜索"},{"slug":"binary-tree","cnName":"二叉树"}],"localFileName":"findBottomLeftValue.ts","difficulty":"Medium"},{"id":"112","cnName":"路径总和","functionName":"hasPathSum","titleSlug":"path-sum","tags":[{"slug":"tree","cnName":"树"},{"slug":"depth-first-search","cnName":"深度优先搜索"},{"slug":"breadth-first-search","cnName":"广度优先搜索"},{"slug":"binary-tree","cnName":"二叉树"}],"localFileName":"hasPathSum.ts","difficulty":"Easy"},{"id":"113","cnName":"路径总和 II","functionName":"pathSum","titleSlug":"path-sum-ii","tags":[{"slug":"tree","cnName":"树"},{"slug":"depth-first-search","cnName":"深度优先搜索"},{"slug":"backtracking","cnName":"回溯"},{"slug":"binary-tree","cnName":"二叉树"}],"localFileName":"pathSum.ts","difficulty":"Medium"},{"id":"106","cnName":"从中序与后序遍历序列构造二叉树","functionName":"buildTree","titleSlug":"construct-binary-tree-from-inorder-and-postorder-traversal","tags":[{"slug":"tree","cnName":"树"},{"slug":"array","cnName":"数组"},{"slug":"hash-table","cnName":"哈希表"},{"slug":"divide-and-conquer","cnName":"分治"},{"slug":"binary-tree","cnName":"二叉树"}],"localFileName":"buildTree.ts","difficulty":"Medium"},{"id":"102","cnName":"二叉树的层序遍历","functionName":"levelOrder","titleSlug":"binary-tree-level-order-traversal","tags":[{"slug":"tree","cnName":"树"},{"slug":"breadth-first-search","cnName":"广度优先搜索"},{"slug":"binary-tree","cnName":"二叉树"}],"localFileName":"levelOrder.ts","difficulty":"Medium"},{"id":"105","cnName":"从前序与中序遍历序列构造二叉树","functionName":"buildTree","titleSlug":"construct-binary-tree-from-preorder-and-inorder-traversal","tags":[{"slug":"tree","cnName":"树"},{"slug":"array","cnName":"数组"},{"slug":"hash-table","cnName":"哈希表"},{"slug":"divide-and-conquer","cnName":"分治"},{"slug":"binary-tree","cnName":"二叉树"}],"localFileName":"buildTree_II.ts","difficulty":"Medium"},{"id":"654","cnName":"最大二叉树","functionName":"constructMaximumBinaryTree","titleSlug":"maximum-binary-tree","tags":[{"slug":"stack","cnName":"栈"},{"slug":"tree","cnName":"树"},{"slug":"array","cnName":"数组"},{"slug":"divide-and-conquer","cnName":"分治"},{"slug":"binary-tree","cnName":"二叉树"},{"slug":"monotonic-stack","cnName":"单调栈"}],"localFileName":"constructMaximumBinaryTree.ts","difficulty":"Medium"},{"id":"783","cnName":"二叉搜索树中的搜索","functionName":"searchBST","titleSlug":"search-in-a-binary-search-tree","tags":[{"slug":"tree","cnName":"树"},{"slug":"binary-search-tree","cnName":"二叉搜索树"},{"slug":"binary-tree","cnName":"二叉树"}],"localFileName":"searchBST.ts","difficulty":"Easy"},{"id":"98","cnName":"验证二叉搜索树","functionName":"isValidBST","titleSlug":"validate-binary-search-tree","tags":[{"slug":"tree","cnName":"树"},{"slug":"depth-first-search","cnName":"深度优先搜索"},{"slug":"binary-search-tree","cnName":"二叉搜索树"},{"slug":"binary-tree","cnName":"二叉树"}],"localFileName":"isValidBST.ts","difficulty":"Medium"},{"id":"530","cnName":"二叉搜索树的最小绝对差","functionName":"getMinimumDifference","titleSlug":"minimum-absolute-difference-in-bst","tags":[{"slug":"tree","cnName":"树"},{"slug":"depth-first-search","cnName":"深度优先搜索"},{"slug":"breadth-first-search","cnName":"广度优先搜索"},{"slug":"binary-search-tree","cnName":"二叉搜索树"},{"slug":"binary-tree","cnName":"二叉树"}],"localFileName":"getMinimumDifference.ts","difficulty":"Easy"},{"id":"501","cnName":"二叉搜索树中的众数","functionName":"findMode","titleSlug":"find-mode-in-binary-search-tree","tags":[{"slug":"tree","cnName":"树"},{"slug":"depth-first-search","cnName":"深度优先搜索"},{"slug":"binary-search-tree","cnName":"二叉搜索树"},{"slug":"binary-tree","cnName":"二叉树"}],"localFileName":"findMode.ts","difficulty":"Easy"},{"id":"236","cnName":"二叉树的最近公共祖先","functionName":"lowestCommonAncestor","titleSlug":"lowest-common-ancestor-of-a-binary-tree","tags":[{"slug":"tree","cnName":"树"},{"slug":"depth-first-search","cnName":"深度优先搜索"},{"slug":"binary-tree","cnName":"二叉树"}],"localFileName":"lowestCommonAncestor.ts","difficulty":"Medium"},{"id":"235","cnName":"二叉搜索树的最近公共祖先","functionName":"lowestCommonAncestor","titleSlug":"lowest-common-ancestor-of-a-binary-search-tree","tags":[{"slug":"tree","cnName":"树"},{"slug":"depth-first-search","cnName":"深度优先搜索"},{"slug":"binary-search-tree","cnName":"二叉搜索树"},{"slug":"binary-tree","cnName":"二叉树"}],"localFileName":"lowestCommonAncestor_II.ts","difficulty":"Medium"},{"id":"784","cnName":"二叉搜索树中的插入操作","functionName":"insertIntoBST","titleSlug":"insert-into-a-binary-search-tree","tags":[{"slug":"tree","cnName":"树"},{"slug":"binary-search-tree","cnName":"二叉搜索树"},{"slug":"binary-tree","cnName":"二叉树"}],"localFileName":"insertIntoBST.ts","difficulty":"Medium"},{"id":"450","cnName":"删除二叉搜索树中的节点","functionName":"deleteNode","titleSlug":"delete-node-in-a-bst","tags":[{"slug":"tree","cnName":"树"},{"slug":"binary-search-tree","cnName":"二叉搜索树"},{"slug":"binary-tree","cnName":"二叉树"}],"localFileName":"deleteNode.ts","difficulty":"Medium"},{"id":"669","cnName":"修剪二叉搜索树","functionName":"trimBST","titleSlug":"trim-a-binary-search-tree","tags":[{"slug":"tree","cnName":"树"},{"slug":"depth-first-search","cnName":"深度优先搜索"},{"slug":"binary-search-tree","cnName":"二叉搜索树"},{"slug":"binary-tree","cnName":"二叉树"}],"localFileName":"trimBST.ts","difficulty":"Medium"},{"id":"108","cnName":"将有序数组转换为二叉搜索树","functionName":"sortedArrayToBST","titleSlug":"convert-sorted-array-to-binary-search-tree","tags":[{"slug":"tree","cnName":"树"},{"slug":"binary-search-tree","cnName":"二叉搜索树"},{"slug":"array","cnName":"数组"},{"slug":"divide-and-conquer","cnName":"分治"},{"slug":"binary-tree","cnName":"二叉树"}],"localFileName":"sortedArrayToBST.ts","difficulty":"Easy"},{"id":"1114","cnName":"从二叉搜索树到更大和树","functionName":"bstToGst","titleSlug":"binary-search-tree-to-greater-sum-tree","tags":[{"slug":"tree","cnName":"树"},{"slug":"depth-first-search","cnName":"深度优先搜索"},{"slug":"binary-search-tree","cnName":"二叉搜索树"},{"slug":"binary-tree","cnName":"二叉树"}],"localFileName":"bstToGst.ts","difficulty":"Medium"},{"id":"199","cnName":"二叉树的右视图","functionName":"rightSideView","titleSlug":"binary-tree-right-side-view","tags":[{"slug":"tree","cnName":"树"},{"slug":"depth-first-search","cnName":"深度优先搜索"},{"slug":"breadth-first-search","cnName":"广度优先搜索"},{"slug":"binary-tree","cnName":"二叉树"}],"localFileName":"rightSideView.ts","difficulty":"Medium"},{"id":"203","cnName":"移除链表元素","functionName":"removeElements","titleSlug":"remove-linked-list-elements","tags":[{"slug":"recursion","cnName":"递归"},{"slug":"linked-list","cnName":"链表"}],"localFileName":"removeElements.ts","difficulty":"Easy"},{"id":"206","cnName":"反转链表","functionName":"reverseList","titleSlug":"reverse-linked-list","tags":[{"slug":"recursion","cnName":"递归"},{"slug":"linked-list","cnName":"链表"}],"localFileName":"reverseList.ts","difficulty":"Easy"},{"id":"24","cnName":"两两交换链表中的节点","functionName":"swapPairs","titleSlug":"swap-nodes-in-pairs","tags":[{"slug":"recursion","cnName":"递归"},{"slug":"linked-list","cnName":"链表"}],"localFileName":"swapPairs.ts","difficulty":"Medium"},{"id":"21","cnName":"合并两个有序链表","functionName":"mergeTwoLists","titleSlug":"merge-two-sorted-lists","tags":[{"slug":"recursion","cnName":"递归"},{"slug":"linked-list","cnName":"链表"}],"localFileName":"mergeTwoLists.ts","difficulty":"Easy"},{"id":"19","cnName":"删除链表的倒数第 N 个结点","functionName":"removeNthFromEnd","titleSlug":"remove-nth-node-from-end-of-list","tags":[{"slug":"linked-list","cnName":"链表"},{"slug":"two-pointers","cnName":"双指针"}],"localFileName":"removeNthFromEnd.ts","difficulty":"Medium"},{"id":"908","cnName":"链表的中间结点","functionName":"middleNode","titleSlug":"middle-of-the-linked-list","tags":[{"slug":"linked-list","cnName":"链表"},{"slug":"two-pointers","cnName":"双指针"}],"localFileName":"middleNode.ts","difficulty":"Easy"},{"id":"142","cnName":"环形链表 II","functionName":"detectCycle","titleSlug":"linked-list-cycle-ii","tags":[{"slug":"hash-table","cnName":"哈希表"},{"slug":"linked-list","cnName":"链表"},{"slug":"two-pointers","cnName":"双指针"}],"localFileName":"detectCycle.ts","difficulty":"Medium"},{"id":"141","cnName":"环形链表","functionName":"hasCycle","titleSlug":"linked-list-cycle","tags":[{"slug":"hash-table","cnName":"哈希表"},{"slug":"linked-list","cnName":"链表"},{"slug":"two-pointers","cnName":"双指针"}],"localFileName":"hasCycle.ts","difficulty":"Easy"},{"id":"86","cnName":"分隔链表","functionName":"partition","titleSlug":"partition-list","tags":[{"slug":"linked-list","cnName":"链表"},{"slug":"two-pointers","cnName":"双指针"}],"localFileName":"partition_II.ts","difficulty":"Medium"},{"id":"92","cnName":"反转链表 II","functionName":"reverseBetween","titleSlug":"reverse-linked-list-ii","tags":[{"slug":"linked-list","cnName":"链表"}],"localFileName":"reverseBetween.ts","difficulty":"Medium"},{"id":"25","cnName":"K 个一组翻转链表","functionName":"reverseKGroup","titleSlug":"reverse-nodes-in-k-group","tags":[{"slug":"recursion","cnName":"递归"},{"slug":"linked-list","cnName":"链表"}],"localFileName":"reverseKGroup.ts","difficulty":"Hard"},{"id":"83","cnName":"删除排序链表中的重复元素","functionName":"deleteDuplicates","titleSlug":"remove-duplicates-from-sorted-list","tags":[{"slug":"linked-list","cnName":"链表"}],"localFileName":"deleteDuplicates.ts","difficulty":"Easy"},{"id":"48","cnName":"旋转图像","functionName":"rotate","titleSlug":"rotate-image","tags":[{"slug":"array","cnName":"数组"},{"slug":"math","cnName":"数学"},{"slug":"matrix","cnName":"矩阵"}],"localFileName":"rotate_II.ts","difficulty":"Medium"},{"id":"240","cnName":"搜索二维矩阵 II","functionName":"searchMatrix","titleSlug":"search-a-2d-matrix-ii","tags":[{"slug":"array","cnName":"数组"},{"slug":"binary-search","cnName":"二分查找"},{"slug":"divide-and-conquer","cnName":"分治"},{"slug":"matrix","cnName":"矩阵"}],"localFileName":"searchMatrix.ts","difficulty":"Medium"},{"id":"139","cnName":"单词拆分","functionName":"wordBreak","titleSlug":"word-break","tags":[{"slug":"trie","cnName":"字典树"},{"slug":"memoization","cnName":"记忆化搜索"},{"slug":"array","cnName":"数组"},{"slug":"hash-table","cnName":"哈希表"},{"slug":"string","cnName":"字符串"},{"slug":"dynamic-programming","cnName":"动态规划"}],"localFileName":"wordBreak.ts","difficulty":"Medium"},{"id":"387","cnName":"字符串中的第一个唯一字符","functionName":"firstUniqChar","titleSlug":"first-unique-character-in-a-string","tags":[{"slug":"queue","cnName":"队列"},{"slug":"hash-table","cnName":"哈希表"},{"slug":"string","cnName":"字符串"},{"slug":"counting","cnName":"计数"}],"localFileName":"firstUniqChar.ts","difficulty":"Easy"},{"id":"152","cnName":"乘积最大子数组","functionName":"maxProduct","titleSlug":"maximum-product-subarray","tags":[{"slug":"array","cnName":"数组"},{"slug":"dynamic-programming","cnName":"动态规划"}],"localFileName":"maxProduct.ts","difficulty":"Medium"},{"id":"2","cnName":"两数相加","functionName":"addTwoNumbers","titleSlug":"add-two-numbers","tags":[{"slug":"recursion","cnName":"递归"},{"slug":"linked-list","cnName":"链表"},{"slug":"math","cnName":"数学"}],"localFileName":"addTwoNumbers.ts","difficulty":"Medium"},{"id":"33","cnName":"搜索旋转排序数组","functionName":"search","titleSlug":"search-in-rotated-sorted-array","tags":[{"slug":"array","cnName":"数组"},{"slug":"binary-search","cnName":"二分查找"}],"localFileName":"search.ts","difficulty":"Medium"},{"id":"49","cnName":"字母异位词分组","functionName":"groupAnagrams","titleSlug":"group-anagrams","tags":[{"slug":"array","cnName":"数组"},{"slug":"hash-table","cnName":"哈希表"},{"slug":"string","cnName":"字符串"},{"slug":"sorting","cnName":"排序"}],"localFileName":"groupAnagrams.ts","difficulty":"Medium"},{"id":"96","cnName":"不同的二叉搜索树","functionName":"numTrees","titleSlug":"unique-binary-search-trees","tags":[{"slug":"tree","cnName":"树"},{"slug":"binary-search-tree","cnName":"二叉搜索树"},{"slug":"math","cnName":"数学"},{"slug":"dynamic-programming","cnName":"动态规划"},{"slug":"binary-tree","cnName":"二叉树"}],"localFileName":"numTrees.ts","difficulty":"Medium"},{"id":"114","cnName":"二叉树展开为链表","functionName":"flatten","titleSlug":"flatten-binary-tree-to-linked-list","tags":[{"slug":"stack","cnName":"栈"},{"slug":"tree","cnName":"树"},{"slug":"depth-first-search","cnName":"深度优先搜索"},{"slug":"linked-list","cnName":"链表"},{"slug":"binary-tree","cnName":"二叉树"}],"localFileName":"flatten.ts","difficulty":"Medium"},{"id":"234","cnName":"回文链表","functionName":"isPalindrome","titleSlug":"palindrome-linked-list","tags":[{"slug":"stack","cnName":"栈"},{"slug":"recursion","cnName":"递归"},{"slug":"linked-list","cnName":"链表"},{"slug":"two-pointers","cnName":"双指针"}],"localFileName":"isPalindrome_II.ts","difficulty":"Easy"},{"id":"238","cnName":"除自身以外数组的乘积","functionName":"productExceptSelf","titleSlug":"product-of-array-except-self","tags":[{"slug":"array","cnName":"数组"},{"slug":"prefix-sum","cnName":"前缀和"}],"localFileName":"productExceptSelf.ts","difficulty":"Medium"},{"id":"287","cnName":"寻找重复数","functionName":"findDuplicate","titleSlug":"find-the-duplicate-number","tags":[{"slug":"bit-manipulation","cnName":"位运算"},{"slug":"array","cnName":"数组"},{"slug":"two-pointers","cnName":"双指针"},{"slug":"binary-search","cnName":"二分查找"}],"localFileName":"findDuplicate.ts","difficulty":"Medium"},{"id":"338","cnName":"比特位计数","functionName":"countBits","titleSlug":"counting-bits","tags":[{"slug":"bit-manipulation","cnName":"位运算"},{"slug":"dynamic-programming","cnName":"动态规划"}],"localFileName":"countBits.ts","difficulty":"Easy"},{"id":"437","cnName":"路径总和 III","functionName":"pathSum","titleSlug":"path-sum-iii","tags":[{"slug":"tree","cnName":"树"},{"slug":"depth-first-search","cnName":"深度优先搜索"},{"slug":"binary-tree","cnName":"二叉树"}],"localFileName":"pathSum_II.ts","difficulty":"Medium"},{"id":"448","cnName":"找到所有数组中消失的数字","functionName":"findDisappearedNumbers","titleSlug":"find-all-numbers-disappeared-in-an-array","tags":[{"slug":"array","cnName":"数组"},{"slug":"hash-table","cnName":"哈希表"}],"localFileName":"findDisappearedNumbers.ts","difficulty":"Easy"},{"id":"543","cnName":"二叉树的直径","functionName":"diameterOfBinaryTree","titleSlug":"diameter-of-binary-tree","tags":[{"slug":"tree","cnName":"树"},{"slug":"depth-first-search","cnName":"深度优先搜索"},{"slug":"binary-tree","cnName":"二叉树"}],"localFileName":"diameterOfBinaryTree.ts","difficulty":"Easy"},{"id":"621","cnName":"任务调度器","functionName":"leastInterval","titleSlug":"task-scheduler","tags":[{"slug":"greedy","cnName":"贪心"},{"slug":"array","cnName":"数组"},{"slug":"hash-table","cnName":"哈希表"},{"slug":"counting","cnName":"计数"},{"slug":"sorting","cnName":"排序"},{"slug":"heap-priority-queue","cnName":"堆（优先队列）"}],"localFileName":"leastInterval.ts","difficulty":"Medium"},{"id":"337","cnName":"打家劫舍 III","functionName":"rob","titleSlug":"house-robber-iii","tags":[{"slug":"tree","cnName":"树"},{"slug":"depth-first-search","cnName":"深度优先搜索"},{"slug":"dynamic-programming","cnName":"动态规划"},{"slug":"binary-tree","cnName":"二叉树"}],"localFileName":"rob_II.ts","difficulty":"Medium"},{"id":"58","cnName":"最后一个单词的长度","functionName":"lengthOfLastWord","titleSlug":"length-of-last-word","tags":[{"slug":"string","cnName":"字符串"}],"localFileName":"lengthOfLastWord.ts","difficulty":"Easy"},{"id":"1933","cnName":"字符串中不同整数的数目","functionName":"numDifferentIntegers","titleSlug":"number-of-different-integers-in-a-string","tags":[{"slug":"hash-table","cnName":"哈希表"},{"slug":"string","cnName":"字符串"}],"localFileName":"numDifferentIntegers.ts","difficulty":"Easy"},{"id":"124","cnName":"二叉树中的最大路径和","functionName":"maxPathSum","titleSlug":"binary-tree-maximum-path-sum","tags":[{"slug":"tree","cnName":"树"},{"slug":"depth-first-search","cnName":"深度优先搜索"},{"slug":"dynamic-programming","cnName":"动态规划"},{"slug":"binary-tree","cnName":"二叉树"}],"localFileName":"maxPathSum.ts","difficulty":"Hard"},{"id":"687","cnName":"最长同值路径","functionName":"longestUnivaluePath","titleSlug":"longest-univalue-path","tags":[{"slug":"tree","cnName":"树"},{"slug":"depth-first-search","cnName":"深度优先搜索"},{"slug":"binary-tree","cnName":"二叉树"}],"localFileName":"longestUnivaluePath.ts","difficulty":"Medium"},{"id":"1987","cnName":"长度为三且各字符不同的子字符串","functionName":"countGoodSubstrings","titleSlug":"substrings-of-size-three-with-distinct-characters","tags":[{"slug":"hash-table","cnName":"哈希表"},{"slug":"string","cnName":"字符串"},{"slug":"counting","cnName":"计数"},{"slug":"sliding-window","cnName":"滑动窗口"}],"localFileName":"countGoodSubstrings.ts","difficulty":"Easy"},{"id":"940","cnName":"水果成篮","functionName":"totalFruit","titleSlug":"fruit-into-baskets","tags":[{"slug":"array","cnName":"数组"},{"slug":"hash-table","cnName":"哈希表"},{"slug":"sliding-window","cnName":"滑动窗口"}],"localFileName":"totalFruit.ts","difficulty":"Medium"},{"id":"148","cnName":"排序链表","functionName":"sortList","titleSlug":"sort-list","tags":[{"slug":"linked-list","cnName":"链表"},{"slug":"two-pointers","cnName":"双指针"},{"slug":"divide-and-conquer","cnName":"分治"},{"slug":"sorting","cnName":"排序"},{"slug":"merge-sort","cnName":"归并排序"}],"localFileName":"sortList.ts","difficulty":"Medium"},{"id":"745","cnName":"寻找比目标字母大的最小字母","functionName":"nextGreatestLetter","titleSlug":"find-smallest-letter-greater-than-target","tags":[{"slug":"array","cnName":"数组"},{"slug":"binary-search","cnName":"二分查找"}],"localFileName":"nextGreatestLetter.ts","difficulty":"Easy"},{"id":"1476","cnName":"统计有序矩阵中的负数","functionName":"countNegatives","titleSlug":"count-negative-numbers-in-a-sorted-matrix","tags":[{"slug":"array","cnName":"数组"},{"slug":"binary-search","cnName":"二分查找"},{"slug":"matrix","cnName":"矩阵"}],"localFileName":"countNegatives.ts","difficulty":"Easy"},{"id":"436","cnName":"寻找右区间","functionName":"findRightInterval","titleSlug":"find-right-interval","tags":[{"slug":"array","cnName":"数组"},{"slug":"binary-search","cnName":"二分查找"},{"slug":"sorting","cnName":"排序"}],"localFileName":"findRightInterval.ts","difficulty":"Medium"},{"id":"74","cnName":"搜索二维矩阵","functionName":"searchMatrix","titleSlug":"search-a-2d-matrix","tags":[{"slug":"array","cnName":"数组"},{"slug":"binary-search","cnName":"二分查找"},{"slug":"matrix","cnName":"矩阵"}],"localFileName":"searchMatrix_II.ts","difficulty":"Medium"},{"id":"1646","cnName":"第 k 个缺失的正整数","functionName":"findKthPositive","titleSlug":"kth-missing-positive-number","tags":[{"slug":"array","cnName":"数组"},{"slug":"binary-search","cnName":"二分查找"}],"localFileName":"findKthPositive.ts","difficulty":"Easy"},{"id":"200","cnName":"岛屿数量","functionName":"numIslands","titleSlug":"number-of-islands","tags":[{"slug":"depth-first-search","cnName":"深度优先搜索"},{"slug":"breadth-first-search","cnName":"广度优先搜索"},{"slug":"union-find","cnName":"并查集"},{"slug":"array","cnName":"数组"},{"slug":"matrix","cnName":"矩阵"}],"localFileName":"numIslands.ts","difficulty":"Medium"},{"id":"695","cnName":"岛屿的最大面积","functionName":"maxAreaOfIsland","titleSlug":"max-area-of-island","tags":[{"slug":"depth-first-search","cnName":"深度优先搜索"},{"slug":"breadth-first-search","cnName":"广度优先搜索"},{"slug":"union-find","cnName":"并查集"},{"slug":"array","cnName":"数组"},{"slug":"matrix","cnName":"矩阵"}],"localFileName":"maxAreaOfIsland.ts","difficulty":"Medium"},{"id":"130","cnName":"被围绕的区域","functionName":"solve","titleSlug":"surrounded-regions","tags":[{"slug":"depth-first-search","cnName":"深度优先搜索"},{"slug":"breadth-first-search","cnName":"广度优先搜索"},{"slug":"union-find","cnName":"并查集"},{"slug":"array","cnName":"数组"},{"slug":"matrix","cnName":"矩阵"}],"localFileName":"solve.ts","difficulty":"Medium"},{"id":"61","cnName":"旋转链表","functionName":"rotateRight","titleSlug":"rotate-list","tags":[{"slug":"linked-list","cnName":"链表"},{"slug":"two-pointers","cnName":"双指针"}],"localFileName":"rotateRight.ts","difficulty":"Medium"},{"id":"68","cnName":"文本左右对齐","functionName":"fullJustify","titleSlug":"text-justification","tags":[{"slug":"array","cnName":"数组"},{"slug":"string","cnName":"字符串"},{"slug":"simulation","cnName":"模拟"}],"localFileName":"fullJustify.ts","difficulty":"Hard"},{"id":"167","cnName":"两数之和 II - 输入有序数组","functionName":"twoSum","titleSlug":"two-sum-ii-input-array-is-sorted","tags":[{"slug":"array","cnName":"数组"},{"slug":"two-pointers","cnName":"双指针"},{"slug":"binary-search","cnName":"二分查找"}],"localFileName":"twoSum_II.ts","difficulty":"Medium"},{"id":"36","cnName":"有效的数独","functionName":"isValidSudoku","titleSlug":"valid-sudoku","tags":[{"slug":"array","cnName":"数组"},{"slug":"hash-table","cnName":"哈希表"},{"slug":"matrix","cnName":"矩阵"}],"localFileName":"isValidSudoku.ts","difficulty":"Medium"},{"id":"73","cnName":"矩阵置零","functionName":"setZeroes","titleSlug":"set-matrix-zeroes","tags":[{"slug":"array","cnName":"数组"},{"slug":"hash-table","cnName":"哈希表"},{"slug":"matrix","cnName":"矩阵"}],"localFileName":"setZeroes.ts","difficulty":"Medium"},{"id":"162","cnName":"寻找峰值","functionName":"findPeakElement","titleSlug":"find-peak-element","tags":[{"slug":"array","cnName":"数组"},{"slug":"binary-search","cnName":"二分查找"}],"localFileName":"findPeakElement.ts","difficulty":"Medium"},{"id":"209","cnName":"长度最小的子数组","functionName":"minSubArrayLen","titleSlug":"minimum-size-subarray-sum","tags":[{"slug":"array","cnName":"数组"},{"slug":"binary-search","cnName":"二分查找"},{"slug":"prefix-sum","cnName":"前缀和"},{"slug":"sliding-window","cnName":"滑动窗口"}],"localFileName":"minSubArrayLen.ts","difficulty":"Medium"},{"id":"289","cnName":"生命游戏","functionName":"gameOfLife","titleSlug":"game-of-life","tags":[{"slug":"array","cnName":"数组"},{"slug":"matrix","cnName":"矩阵"},{"slug":"simulation","cnName":"模拟"}],"localFileName":"gameOfLife.ts","difficulty":"Medium"},{"id":"69","cnName":"x 的平方根 ","functionName":"mySqrt","titleSlug":"sqrtx","tags":[{"slug":"math","cnName":"数学"},{"slug":"binary-search","cnName":"二分查找"}],"localFileName":"mySqrt.ts","difficulty":"Easy"},{"id":"50","cnName":"Pow(x, n)","functionName":"myPow","titleSlug":"powx-n","tags":[{"slug":"recursion","cnName":"递归"},{"slug":"math","cnName":"数学"}],"localFileName":"myPow.ts","difficulty":"Medium"},{"id":"153","cnName":"寻找旋转排序数组中的最小值","functionName":"findMin","titleSlug":"find-minimum-in-rotated-sorted-array","tags":[{"slug":"array","cnName":"数组"},{"slug":"binary-search","cnName":"二分查找"}],"localFileName":"findMin.ts","difficulty":"Medium"},{"id":"274","cnName":"H 指数","functionName":"hIndex","titleSlug":"h-index","tags":[{"slug":"array","cnName":"数组"},{"slug":"counting-sort","cnName":"计数排序"},{"slug":"sorting","cnName":"排序"}],"localFileName":"hIndex.ts","difficulty":"Medium"},{"id":"290","cnName":"单词规律","functionName":"wordPattern","titleSlug":"word-pattern","tags":[{"slug":"hash-table","cnName":"哈希表"},{"slug":"string","cnName":"字符串"}],"localFileName":"wordPattern.ts","difficulty":"Easy"},{"id":"228","cnName":"汇总区间","functionName":"summaryRanges","titleSlug":"summary-ranges","tags":[{"slug":"array","cnName":"数组"}],"localFileName":"summaryRanges.ts","difficulty":"Easy"},{"id":"2532","cnName":"删除字符使频率相同","functionName":"equalFrequency","titleSlug":"remove-letter-to-equalize-frequency","tags":[{"slug":"hash-table","cnName":"哈希表"},{"slug":"string","cnName":"字符串"},{"slug":"counting","cnName":"计数"}],"localFileName":"equalFrequency.ts","difficulty":"Easy"},{"id":"154","cnName":"寻找旋转排序数组中的最小值 II","functionName":"findMin","titleSlug":"find-minimum-in-rotated-sorted-array-ii","tags":[{"slug":"array","cnName":"数组"},{"slug":"binary-search","cnName":"二分查找"}],"localFileName":"findMin_III.ts","difficulty":"Hard"},{"id":"71","cnName":"简化路径","functionName":"simplifyPath","titleSlug":"simplify-path","tags":[{"slug":"stack","cnName":"栈"},{"slug":"string","cnName":"字符串"}],"localFileName":"simplifyPath.ts","difficulty":"Medium"},{"id":"80","cnName":"删除有序数组中的重复项 II","functionName":"removeDuplicates","titleSlug":"remove-duplicates-from-sorted-array-ii","tags":[{"slug":"array","cnName":"数组"},{"slug":"two-pointers","cnName":"双指针"}],"localFileName":"removeDuplicates_III.ts","difficulty":"Medium"},{"id":"224","cnName":"基本计算器","functionName":"calculate","titleSlug":"basic-calculator","tags":[{"slug":"stack","cnName":"栈"},{"slug":"recursion","cnName":"递归"},{"slug":"math","cnName":"数学"},{"slug":"string","cnName":"字符串"}],"localFileName":"calculate.ts","difficulty":"Hard"},{"id":"138","cnName":"复制带随机指针的链表","functionName":"copyRandomList","titleSlug":"copy-list-with-random-pointer","tags":[{"slug":"hash-table","cnName":"哈希表"},{"slug":"linked-list","cnName":"链表"}],"localFileName":"copyRandomList.ts","difficulty":"Medium"},{"id":"129","cnName":"求根节点到叶节点数字之和","functionName":"sumNumbers","titleSlug":"sum-root-to-leaf-numbers","tags":[{"slug":"tree","cnName":"树"},{"slug":"depth-first-search","cnName":"深度优先搜索"},{"slug":"binary-tree","cnName":"二叉树"}],"localFileName":"sumNumbers.ts","difficulty":"Medium"},{"id":"103","cnName":"二叉树的锯齿形层序遍历","functionName":"zigzagLevelOrder","titleSlug":"binary-tree-zigzag-level-order-traversal","tags":[{"slug":"tree","cnName":"树"},{"slug":"breadth-first-search","cnName":"广度优先搜索"},{"slug":"binary-tree","cnName":"二叉树"}],"localFileName":"zigzagLevelOrder.ts","difficulty":"Medium"},{"id":"230","cnName":"二叉搜索树中第K小的元素","functionName":"kthSmallest","titleSlug":"kth-smallest-element-in-a-bst","tags":[{"slug":"tree","cnName":"树"},{"slug":"depth-first-search","cnName":"深度优先搜索"},{"slug":"binary-search-tree","cnName":"二叉搜索树"},{"slug":"binary-tree","cnName":"二叉树"}],"localFileName":"kthSmallest.ts","difficulty":"Medium"},{"id":"120","cnName":"三角形最小路径和","functionName":"minimumTotal","titleSlug":"triangle","tags":[{"slug":"array","cnName":"数组"},{"slug":"dynamic-programming","cnName":"动态规划"}],"localFileName":"minimumTotal.ts","difficulty":"Medium"},{"id":"64","cnName":"最小路径和","functionName":"minPathSum","titleSlug":"minimum-path-sum","tags":[{"slug":"array","cnName":"数组"},{"slug":"dynamic-programming","cnName":"动态规划"},{"slug":"matrix","cnName":"矩阵"}],"localFileName":"minPathSum.ts","difficulty":"Medium"},{"id":"97","cnName":"交错字符串","functionName":"isInterleave","titleSlug":"interleaving-string","tags":[{"slug":"string","cnName":"字符串"},{"slug":"dynamic-programming","cnName":"动态规划"}],"localFileName":"isInterleave.ts","difficulty":"Medium"}]}